DESKTOP-T1MRV9V,158126,00.51.56.06.B0.82
DESKTOP-T1MRV9V,158130,00.51.56.06.B0.82
DESKTOP-T1MRV9V,158134,00.51.56.06.B0.B2
DESKTOP-T1MRV9V,158137,00.51.56.06.B1.22
DESKTOP-T1MRV9V,158140,00.51.56.06.B1.22
DESKTOP-T1MRV9V,158143,00.51.56.06.B1.B5
DESKTOP-T1MRV9V,158146,00.51.56.06.B1.B5
DESKTOP-T1MRV9V,158150,00.51.56.06.B1.7C
DESKTOP-T1MRV9V,158153,00.51.56.06.B0.B3
DESKTOP-T1MRV9V,158157,00.51.56.06.B0.F9
DESKTOP-T1MRV9V,158160,00.51.56.06.B0.F9
DESKTOP-T1MRV9V,158164,00.51.56.06.B0.F9
DESKTOP-T1MRV9V,158169,00.51.56.06.B0.E3
DESKTOP-T1MRV9V,158174,00.51.56.06.B0.E2
DESKTOP-T1MRV9V,158177,00.51.56.06.B0.E2
DESKTOP-T1MRV9V,158180,00.51.56.06.B0.E9
DESKTOP-T1MRV9V,158183,00.51.56.06.B0.E9
DESKTOP-T1MRV9V,158190,00.51.56.06.B0.E6
DESKTOP-T1MRV9V,158193,00.51.56.06.B0.E6
DESKTOP-T1MRV9V,158199,00.51.56.06.B0.DD
